{"cameraMode":{"drawMode":0,"name":"Shaded","section":"Shading Mode"},"sceneLighting":false,"audioPlay":false,"sceneViewState":{"m_AlwaysRefresh":false,"showFog":true,"showSkybox":false,"showFlares":true,"showImageEffects":true,"showParticleSystems":true,"showVisualEffectGraphs":true,"m_FxEnabled":true},"in2DMode":false,"pivot":{"x":0.035112835466861728,"y":0.02922641858458519,"z":-0.6295857429504395},"rotation":{"x":-0.000008066838745435234,"y":-0.9999886751174927,"z":-0.004500017035752535,"w":0.0017959792166948319},"size":0.6566845178604126,"orthographic":false}